Dataset,Accuracy,f1_macro,f1_micro,Time(min),dimension_used
AtrialFibrillation,13.333333333333334,0.1396825396825397,0.13333333333333333,0.3595356067021688,0.5
