Dataset,Accuracy,Time(min)
AtrialFibrillation,33.33333333333333,0.044779245058695474
