Dataset,Accuracy,Time(min)
AtrialFibrillation,13.333333333333334,0.1935863455136617
