Dataset,Accuracy,Time(min)
AtrialFibrillation,13.333333333333334,0.34464470942815145
