Dataset,Accuracy,Time(min)
AtrialFibrillation,13.333333333333334,0.1809220314025879
