Dataset,Accuracy,Time(min)
ERing,88.14814814814815,0.4418322443962097
