Dataset,Accuracy,Time(min)
ERing,78.88888888888889,0.022918279965718588
