Dataset,Accuracy,Time(min)
ERing,79.62962962962963,0.03803431987762451
