Dataset,Accuracy,Time(min)
ERing,80.74074074074075,0.05203237136205038
