Dataset,Accuracy,Time(min)
ERing,88.14814814814815,0.41784167289733887
